"Date","Price","Open","High","Low","Vol.","Change %"
"04/01/2024","5,035.69","5,254.33","5,261.33","4,953.77","","-4.16%"
"03/01/2024","5,254.40","5,098.50","5,264.90","5,056.80","","3.10%"
"02/01/2024","5,096.30","4,861.10","5,111.10","4,853.50","","5.17%"
"01/01/2024","4,845.60","4,745.20","4,931.10","4,682.10","","1.59%"
"12/01/2023","4,769.80","4,559.40","4,793.30","4,546.50","","4.42%"
"11/01/2023","4,567.80","4,201.30","4,587.60","4,197.70","","8.92%"
"10/01/2023","4,193.80","4,284.50","4,393.60","4,103.80","","-2.20%"
"09/01/2023","4,288.10","4,530.60","4,541.20","4,238.60","","-4.87%"
"08/01/2023","4,507.70","4,578.80","4,584.60","4,335.30","","-1.77%"
"07/01/2023","4,589.00","4,450.50","4,607.10","4,385.10","","3.11%"
"06/01/2023","4,450.40","4,183.00","4,458.50","4,171.60","","6.47%"
"05/01/2023","4,179.80","4,166.80","4,231.10","4,048.30","","0.25%"
"04/01/2023","4,169.50","4,102.20","4,170.10","4,049.30","","1.46%"
"03/01/2023","4,109.30","3,963.30","4,110.80","3,808.90","","3.50%"
"02/01/2023","3,970.20","4,070.10","4,195.40","3,943.10","","-2.61%"
"01/01/2023","4,076.60","3,853.30","4,094.20","3,794.30","","6.18%"
"12/01/2022","3,839.50","4,087.10","4,101.00","3,764.50","","-5.90%"
"11/01/2022","4,080.10","3,901.80","4,080.10","3,698.20","","5.37%"
"10/01/2022","3,872.00","3,609.80","3,905.40","3,491.60","","7.99%"
"09/01/2022","3,585.60","3,936.70","4,119.30","3,584.10","","-9.34%"
"08/01/2022","3,955.00","4,112.40","4,325.30","3,954.50","","-4.24%"
"07/01/2022","4,130.30","3,781.00","4,140.10","3,721.60","","9.11%"
"06/01/2022","3,785.40","4,149.80","4,177.50","3,636.90","","-8.39%"
"05/01/2022","4,132.10","4,130.60","4,307.70","3,810.30","","0.00%"
"04/01/2022","4,131.90","4,540.30","4,593.40","4,124.30","","-8.80%"
"03/01/2022","4,530.40","4,363.10","4,637.30","4,157.90","","3.58%"
"02/01/2022","4,373.90","4,519.60","4,595.30","4,114.60","","-3.14%"
"01/01/2022","4,515.60","4,778.10","4,818.60","4,222.60","","-5.26%"
"12/01/2021","4,766.20","4,602.80","4,808.90","4,495.10","","4.36%"
"11/01/2021","4,567.00","4,610.60","4,743.80","4,560.00","","-0.83%"
"10/01/2021","4,605.40","4,317.20","4,608.10","4,278.90","","6.92%"
"09/01/2021","4,307.50","4,528.80","4,545.90","4,305.90","","-4.76%"
"08/01/2021","4,522.70","4,406.90","4,537.40","4,367.70","","2.90%"
"07/01/2021","4,395.30","4,300.70","4,430.00","4,233.10","","2.28%"
"06/01/2021","4,297.50","4,216.50","4,302.40","4,164.40","","2.22%"
"05/01/2021","4,204.10","4,192.00","4,238.00","4,056.90","","0.55%"
"04/01/2021","4,181.20","3,992.80","4,218.80","3,992.80","","5.24%"
"03/01/2021","3,972.90","3,842.50","3,994.40","3,723.30","","4.24%"
"02/01/2021","3,811.20","3,731.20","3,950.40","3,725.60","","2.61%"
"01/01/2021","3,714.20","3,764.60","3,870.90","3,662.70","","-1.12%"
"12/01/2020","3,756.10","3,645.90","3,760.20","3,633.40","","3.71%"
"11/01/2020","3,621.60","3,296.20","3,646.00","3,279.70","","10.75%"
"10/01/2020","3,270.00","3,385.90","3,549.80","3,233.90","","-2.77%"
"09/01/2020","3,363.00","3,507.40","3,588.10","3,209.40","","-3.92%"
"08/01/2020","3,500.30","3,288.30","3,514.80","3,284.50","","7.01%"
"07/01/2020","3,271.10","3,105.90","3,280.00","3,101.20","","5.51%"
"06/01/2020","3,100.30","3,038.80","3,233.10","2,965.70","","1.84%"
"05/01/2020","3,044.30","2,869.10","3,068.70","2,766.60","","4.53%"
"04/01/2020","2,912.40","2,498.10","2,954.90","2,447.50","","12.68%"
"03/01/2020","2,584.60","2,974.30","3,136.70","2,191.90","","-12.51%"
"02/01/2020","2,954.20","3,235.70","3,393.50","2,855.80","","-8.41%"
"01/01/2020","3,225.50","3,244.70","3,337.80","3,214.60","","-0.16%"
"12/01/2019","3,230.80","3,143.80","3,247.90","3,070.30","","2.86%"
"11/01/2019","3,141.00","3,050.70","3,154.30","3,050.70","","3.40%"
"10/01/2019","3,037.60","2,983.70","3,050.10","2,855.90","","2.05%"
"09/01/2019","2,976.70","2,909.00","3,022.00","2,891.80","","1.72%"
"08/01/2019","2,926.50","2,980.30","3,013.60","2,822.10","","-1.81%"
"07/01/2019","2,980.40","2,971.40","3,028.00","2,952.20","","1.31%"
"06/01/2019","2,941.80","2,751.50","2,964.20","2,728.80","","6.89%"
"05/01/2019","2,752.10","2,952.30","2,954.10","2,750.50","","-6.58%"
"04/01/2019","2,945.80","2,848.60","2,949.50","2,848.60","","3.93%"
"03/01/2019","2,834.40","2,798.20","2,860.30","2,722.30","","1.79%"
"02/01/2019","2,784.50","2,702.30","2,813.50","2,681.80","","2.97%"
"01/01/2019","2,704.10","2,477.00","2,708.90","2,444.00","","7.87%"
"12/01/2018","2,506.80","2,790.50","2,800.20","2,346.60","","-9.18%"
"11/01/2018","2,760.20","2,717.60","2,815.20","2,631.10","","1.79%"
"10/01/2018","2,711.70","2,926.30","2,939.90","2,603.50","","-6.94%"
"09/01/2018","2,914.00","2,897.00","2,940.90","2,864.10","","0.43%"
"08/01/2018","2,901.50","2,821.20","2,916.50","2,796.30","","3.03%"
"07/01/2018","2,816.30","2,704.90","2,848.00","2,698.90","","3.60%"
"06/01/2018","2,718.40","2,718.70","2,791.50","2,692.00","","0.48%"
"05/01/2018","2,705.30","2,643.60","2,742.20","2,594.60","","2.16%"
"04/01/2018","2,648.10","2,633.40","2,717.50","2,553.80","","0.27%"
"03/01/2018","2,640.90","2,715.20","2,801.90","2,585.90","","-2.69%"
"02/01/2018","2,713.80","2,816.40","2,836.00","2,532.70","","-3.90%"
"01/01/2018","2,823.80","2,683.70","2,872.90","2,682.40","","5.62%"
"12/01/2017","2,673.60","2,645.10","2,695.00","2,605.50","","0.98%"
"11/01/2017","2,647.60","2,583.20","2,657.70","2,557.40","","2.81%"
"10/01/2017","2,575.30","2,521.20","2,583.00","2,520.40","","2.22%"
"09/01/2017","2,519.40","2,474.40","2,519.40","2,446.60","","1.93%"
"08/01/2017","2,471.70","2,477.10","2,490.90","2,417.30","","0.06%"
"07/01/2017","2,470.30","2,431.40","2,484.00","2,407.70","","1.94%"
"06/01/2017","2,423.40","2,415.70","2,453.80","2,405.70","","0.48%"
"05/01/2017","2,411.80","2,388.50","2,418.70","2,352.70","","1.16%"
"04/01/2017","2,384.20","2,362.30","2,398.20","2,328.90","","0.91%"
"03/01/2017","2,362.70","2,380.10","2,401.00","2,322.20","","-0.04%"
"02/01/2017","2,363.60","2,285.60","2,371.50","2,271.70","","3.72%"
"01/01/2017","2,278.90","2,251.60","2,301.00","2,245.10","","1.79%"
"12/01/2016","2,238.80","2,200.20","2,277.50","2,187.40","","1.82%"
"11/01/2016","2,198.80","2,128.70","2,214.10","2,083.80","","3.41%"
"10/01/2016","2,126.20","2,164.30","2,169.60","2,114.70","","-1.94%"
"09/01/2016","2,168.30","2,171.30","2,187.90","2,119.10","","-0.12%"
"08/01/2016","2,170.90","2,173.20","2,193.80","2,147.60","","-0.12%"
"07/01/2016","2,173.60","2,099.30","2,177.10","2,074.00","","3.56%"
"06/01/2016","2,098.90","2,093.90","2,120.60","1,991.70","","0.09%"
"05/01/2016","2,097.00","2,067.20","2,103.50","2,025.90","","1.53%"
"04/01/2016","2,065.30","2,056.60","2,111.10","2,033.80","","0.27%"
"03/01/2016","2,059.70","1,937.10","2,072.20","1,937.10","","6.60%"
"02/01/2016","1,932.20","1,936.90","1,963.00","1,810.10","","-0.41%"
"01/01/2016","1,940.20","2,038.20","2,038.20","1,812.30","","-5.07%"
"12/01/2015","2,043.90","2,082.90","2,104.30","1,993.30","","-1.75%"
"11/01/2015","2,080.40","2,080.80","2,116.50","2,019.40","","0.05%"
"10/01/2015","2,079.40","1,919.70","2,094.30","1,893.70","","8.30%"
"09/01/2015","1,920.00","1,970.10","2,020.90","1,871.90","","-2.65%"
"08/01/2015","1,972.20","2,104.50","2,112.70","1,867.00","","-6.26%"
"07/01/2015","2,103.80","2,067.00","2,132.80","2,044.00","","1.97%"
"06/01/2015","2,063.10","2,108.60","2,129.90","2,056.30","","-2.10%"
"05/01/2015","2,107.40","2,087.40","2,134.70","2,067.90","","1.05%"
"04/01/2015","2,085.50","2,067.60","2,125.90","2,048.40","","0.85%"
"03/01/2015","2,067.90","2,105.20","2,117.50","2,039.70","","-1.74%"
"02/01/2015","2,104.50","1,996.70","2,119.60","1,980.90","","5.49%"
"01/01/2015","1,995.00","2,058.90","2,072.40","1,988.10","","-3.10%"
"12/01/2014","2,058.90","2,065.80","2,093.60","1,972.60","","-0.42%"
"11/01/2014","2,067.60","2,018.20","2,075.80","2,001.00","","2.46%"
"10/01/2014","2,018.00","1,971.40","2,018.20","1,820.70","","2.32%"
"09/01/2014","1,972.30","2,004.10","2,019.30","1,964.00","","-1.55%"
"08/01/2014","2,003.40","1,929.80","2,005.00","1,904.80","","3.77%"
"07/01/2014","1,930.70","1,962.30","1,991.40","1,930.70","","-1.50%"
"06/01/2014","1,960.20","1,923.90","1,968.20","1,916.00","","1.90%"
"05/01/2014","1,923.60","1,884.40","1,924.00","1,859.80","","2.10%"
"04/01/2014","1,884.00","1,874.00","1,897.30","1,814.40","","0.62%"
"03/01/2014","1,872.30","1,857.70","1,884.00","1,834.40","","0.69%"
"02/01/2014","1,859.50","1,782.70","1,867.90","1,737.90","","4.31%"
"01/01/2014","1,782.60","1,845.90","1,850.80","1,770.50","","-3.56%"
"12/01/2013","1,848.40","1,806.50","1,849.40","1,768.00","","2.36%"
"11/01/2013","1,805.80","1,758.70","1,813.50","1,746.20","","2.81%"
"10/01/2013","1,756.50","1,682.40","1,775.20","1,646.50","","4.46%"
"09/01/2013","1,681.50","1,636.00","1,729.90","1,633.40","","2.97%"
"08/01/2013","1,633.00","1,689.40","1,709.70","1,627.50","","-3.13%"
"07/01/2013","1,685.70","1,609.80","1,698.80","1,604.60","","4.94%"
"06/01/2013","1,606.30","1,631.70","1,654.20","1,560.30","","-1.50%"
"05/01/2013","1,630.70","1,597.50","1,687.20","1,581.30","","2.07%"
"04/01/2013","1,597.60","1,569.20","1,597.60","1,536.00","","1.81%"
"03/01/2013","1,569.20","1,514.70","1,570.30","1,501.50","","3.60%"
"02/01/2013","1,514.70","1,498.10","1,530.90","1,485.00","","1.11%"
"01/01/2013","1,498.10","1,426.20","1,509.90","1,426.20","","5.04%"
"12/01/2012","1,426.20","1,416.30","1,448.00","1,398.10","","0.71%"
"11/01/2012","1,416.20","1,412.20","1,434.30","1,343.30","","0.28%"
"10/01/2012","1,412.20","1,440.90","1,471.00","1,403.30","","-1.98%"
"09/01/2012","1,440.70","1,406.50","1,474.50","1,396.60","","2.42%"
"08/01/2012","1,406.60","1,379.30","1,426.70","1,354.70","","1.98%"
"07/01/2012","1,379.30","1,362.30","1,391.70","1,325.40","","1.26%"
"06/01/2012","1,362.20","1,309.90","1,363.50","1,266.70","","3.96%"
"05/01/2012","1,310.30","1,397.90","1,415.30","1,292.00","","-6.27%"
"04/01/2012","1,397.90","1,408.50","1,422.40","1,357.40","","-0.75%"
"03/01/2012","1,408.50","1,365.90","1,419.20","1,340.00","","3.13%"
"02/01/2012","1,365.70","1,312.50","1,378.00","1,312.50","","4.06%"
"01/01/2012","1,312.40","1,258.90","1,333.50","1,258.90","","4.36%"
"12/01/2011","1,257.60","1,246.90","1,269.40","1,202.40","","0.85%"
"11/01/2011","1,247.00","1,251.00","1,277.50","1,158.70","","-0.50%"
"10/01/2011","1,253.30","1,131.20","1,292.70","1,074.80","","10.77%"
"09/01/2011","1,131.40","1,219.10","1,229.30","1,114.20","","-7.18%"
"08/01/2011","1,218.90","1,292.60","1,307.40","1,101.50","","-5.68%"
"07/01/2011","1,292.30","1,320.60","1,356.50","1,282.90","","-2.14%"
"06/01/2011","1,320.60","1,345.20","1,345.20","1,258.10","","-1.83%"
"05/01/2011","1,345.20","1,365.20","1,370.60","1,311.80","","-1.35%"
"04/01/2011","1,363.60","1,329.50","1,364.60","1,294.70","","2.85%"
"03/01/2011","1,325.80","1,328.60","1,332.30","1,249.00","","-0.11%"
"02/01/2011","1,327.20","1,289.10","1,344.10","1,289.10","","3.20%"
"01/01/2011","1,286.10","1,257.60","1,302.70","1,257.60","","2.27%"
"12/01/2010","1,257.60","1,186.60","1,262.60","1,186.60","","6.53%"
"11/01/2010","1,180.50","1,185.70","1,227.10","1,173.00","","-0.24%"
"10/01/2010","1,183.30","1,143.50","1,196.10","1,131.90","","3.69%"
"09/01/2010","1,141.20","1,049.70","1,157.20","1,049.70","","8.76%"
"08/01/2010","1,049.30","1,107.50","1,129.20","1,039.70","","-4.75%"
"07/01/2010","1,101.60","1,031.10","1,121.00","1,010.90","","6.88%"
"06/01/2010","1,030.70","1,087.30","1,131.20","1,028.30","","-5.39%"
"05/01/2010","1,089.40","1,188.60","1,205.10","1,040.80","","-8.20%"
"04/01/2010","1,186.70","1,171.20","1,219.80","1,170.70","","1.48%"
"03/01/2010","1,169.40","1,105.40","1,180.70","1,105.40","","5.88%"
"02/01/2010","1,104.50","1,073.90","1,112.40","1,044.50","","2.85%"
"01/01/2010","1,073.90","1,116.60","1,150.50","1,071.60","","-3.69%"
"12/01/2009","1,115.10","1,098.90","1,130.40","1,085.90","","1.78%"
"11/01/2009","1,095.60","1,036.20","1,113.70","1,029.40","","5.73%"
"10/01/2009","1,036.20","1,054.90","1,101.40","1,020.00","","-1.98%"
"09/01/2009","1,057.10","1,019.50","1,080.20","992.00","","3.58%"
"08/01/2009","1,020.60","990.20","1,039.50","978.50","","3.35%"
"07/01/2009","987.50","920.80","996.70","869.30","","7.42%"
"06/01/2009","919.30","923.30","956.20","888.90","","0.02%"
"05/01/2009","919.10","872.70","930.20","866.10","","5.30%"
"04/01/2009","872.80","793.60","888.70","783.30","","9.39%"
"03/01/2009","797.90","729.60","833.00","666.80","","8.54%"
"02/01/2009","735.10","823.10","875.00","734.50","","-10.99%"
"01/01/2009","825.90","903.00","943.90","804.30","","-8.56%"
"12/01/2008","903.20","888.60","918.90","815.70","","0.78%"
"11/01/2008","896.20","968.70","1,007.50","741.00","","-7.49%"
"10/01/2008","968.80","1,164.20","1,167.00","839.80","","-16.94%"
"09/01/2008","1,166.40","1,287.80","1,303.00","1,106.40","","-9.07%"
"08/01/2008","1,282.80","1,269.40","1,313.20","1,247.50","","1.22%"
"07/01/2008","1,267.40","1,276.70","1,292.20","1,200.40","","-0.98%"
"06/01/2008","1,280.00","1,399.60","1,404.00","1,272.00","","-8.60%"
"05/01/2008","1,400.40","1,386.00","1,440.20","1,373.10","","1.07%"
"04/01/2008","1,385.60","1,326.40","1,404.60","1,324.30","","4.76%"
"03/01/2008","1,322.70","1,330.50","1,359.70","1,257.00","","-0.59%"
"02/01/2008","1,330.60","1,378.60","1,396.00","1,316.80","","-3.47%"
"01/01/2008","1,378.50","1,468.00","1,471.80","1,270.00","","-6.12%"
"12/01/2007","1,468.40","1,479.60","1,523.60","1,435.70","","-0.86%"
"11/01/2007","1,481.10","1,545.80","1,545.80","1,406.10","","-4.41%"
"10/01/2007","1,549.40","1,527.30","1,576.10","1,489.60","","1.48%"
"09/01/2007","1,526.80","1,474.00","1,538.70","1,439.30","","3.58%"
"08/01/2007","1,474.00","1,455.20","1,503.90","1,370.60","","1.28%"
"07/01/2007","1,455.30","1,504.70","1,555.90","1,454.20","","-3.19%"
"06/01/2007","1,503.30","1,530.60","1,540.60","1,484.20","","-1.78%"
"05/01/2007","1,530.60","1,482.40","1,535.60","1,476.70","","3.25%"
"04/01/2007","1,482.40","1,420.80","1,498.00","1,416.40","","4.33%"
"03/01/2007","1,420.90","1,406.80","1,438.90","1,364.00","","1.00%"
"02/01/2007","1,406.80","1,437.90","1,461.60","1,389.40","","-2.18%"
"01/01/2007","1,438.20","1,418.00","1,441.60","1,404.00","","1.40%"
"12/01/2006","1,418.30","1,400.60","1,431.80","1,385.90","","1.26%"
"11/01/2006","1,400.60","1,377.80","1,407.90","1,361.00","","1.65%"
"10/01/2006","1,377.90","1,335.80","1,389.50","1,327.10","","3.15%"
"09/01/2006","1,335.80","1,303.80","1,340.30","1,290.90","","2.45%"
"08/01/2006","1,303.80","1,278.50","1,306.70","1,261.30","","2.12%"
"07/01/2006","1,276.70","1,270.10","1,280.40","1,224.50","","0.51%"
"06/01/2006","1,270.20","1,270.00","1,290.70","1,219.30","","0.01%"
"05/01/2006","1,270.10","1,310.60","1,326.70","1,245.30","","-3.09%"
"04/01/2006","1,310.60","1,302.90","1,318.20","1,280.70","","1.22%"
"03/01/2006","1,294.80","1,280.70","1,310.90","1,268.40","","1.10%"
"02/01/2006","1,280.70","1,280.10","1,297.60","1,253.60","","0.05%"
"01/01/2006","1,280.10","1,248.30","1,294.90","1,245.70","","2.55%"
"12/01/2005","1,248.30","1,249.50","1,275.80","1,246.60","","-0.10%"
"11/01/2005","1,249.50","1,207.00","1,270.60","1,201.10","","3.52%"
"10/01/2005","1,207.00","1,228.80","1,233.30","1,168.20","","-1.77%"
"09/01/2005","1,228.80","1,220.30","1,243.10","1,205.30","","0.70%"
"08/01/2005","1,220.30","1,234.20","1,245.90","1,201.10","","-1.13%"
"07/01/2005","1,234.20","1,191.30","1,245.20","1,183.50","","3.60%"
"06/01/2005","1,191.30","1,191.50","1,219.60","1,188.30","","-0.02%"
"05/01/2005","1,191.50","1,156.80","1,199.60","1,146.20","","3.00%"
"04/01/2005","1,156.80","1,180.60","1,191.90","1,136.20","","-2.02%"
"03/01/2005","1,180.60","1,203.60","1,229.10","1,163.70","","-1.91%"
"02/01/2005","1,203.60","1,181.30","1,212.40","1,181.00","","1.89%"
"01/01/2005","1,181.30","1,211.90","1,217.90","1,163.80","","-2.52%"
"12/01/2004","1,211.90","1,173.80","1,217.30","1,173.80","","3.25%"
"11/01/2004","1,173.80","1,130.20","1,188.50","1,127.50","","3.86%"
"10/01/2004","1,130.20","1,114.60","1,142.00","1,090.20","","1.40%"
"09/01/2004","1,114.60","1,104.20","1,131.50","1,099.10","","0.94%"
"08/01/2004","1,104.20","1,101.70","1,109.70","1,060.70","","0.23%"
"07/01/2004","1,101.70","1,140.80","1,140.80","1,078.80","","-3.43%"
"06/01/2004","1,140.80","1,120.70","1,146.30","1,113.30","","1.79%"
"05/01/2004","1,120.70","1,107.30","1,127.70","1,076.30","","1.21%"
"04/01/2004","1,107.30","1,126.20","1,150.60","1,107.20","","-1.68%"
"03/01/2004","1,126.20","1,144.90","1,163.20","1,087.10","","-1.63%"
"02/01/2004","1,144.90","1,131.10","1,159.00","1,124.40","","1.22%"
"01/01/2004","1,131.10","1,111.90","1,155.40","1,105.10","","1.73%"
"12/01/2003","1,111.90","1,058.20","1,112.60","1,053.40","","5.07%"
"11/01/2003","1,058.20","1,050.70","1,063.70","1,031.20","","0.71%"
"10/01/2003","1,050.70","996.00","1,053.80","996.00","","5.49%"
"09/01/2003","996.00","1,008.00","1,040.30","990.40","","-1.19%"
"08/01/2003","1,008.00","990.30","1,011.00","960.80","","1.79%"
"07/01/2003","990.30","974.50","1,015.40","962.10","","1.62%"
"06/01/2003","974.50","963.60","1,015.30","963.60","","1.13%"
"05/01/2003","963.60","916.90","965.40","902.80","","5.09%"
"04/01/2003","916.90","848.20","924.20","847.90","","8.10%"
"03/01/2003","848.20","841.10","895.90","788.90","","0.84%"
"02/01/2003","841.10","855.70","864.60","806.30","","-1.71%"
"01/01/2003","855.70","879.80","935.00","840.30","","-2.74%"
"12/01/2002","879.80","936.30","954.30","869.50","","-6.03%"
"11/01/2002","936.30","885.80","941.80","872.00","","5.70%"
"10/01/2002","885.80","815.30","907.40","768.60","","8.65%"
"09/01/2002","815.30","916.10","924.00","800.20","","-11.00%"
"08/01/2002","916.10","911.60","965.00","833.40","","0.49%"
"07/01/2002","911.60","989.80","994.50","775.70","","-7.90%"
"06/01/2002","989.80","1,067.10","1,070.70","952.90","","-7.24%"
"05/01/2002","1,067.10","1,076.90","1,106.60","1,049.00","","-0.91%"
"04/01/2002","1,076.90","1,146.00","1,147.80","1,063.50","","-6.14%"
"03/01/2002","1,147.40","1,108.70","1,173.90","1,108.70","","3.68%"
"02/01/2002","1,106.70","1,127.40","1,130.20","1,074.40","","-2.08%"
"01/01/2002","1,130.20","1,149.00","1,177.00","1,081.70","","-1.56%"
"12/01/2001","1,148.10","1,139.50","1,173.60","1,114.50","","0.75%"
"11/01/2001","1,139.50","1,063.10","1,163.40","1,054.30","","7.52%"
"10/01/2001","1,059.80","1,037.90","1,110.60","1,026.80","","1.82%"
"09/01/2001","1,040.90","1,133.60","1,155.40","944.80","","-8.18%"
"08/01/2001","1,133.60","1,211.20","1,226.30","1,124.90","","-6.41%"
"07/01/2001","1,211.20","1,224.40","1,239.80","1,165.50","","-1.08%"
"06/01/2001","1,224.40","1,255.80","1,286.60","1,203.00","","-2.50%"
"05/01/2001","1,255.80","1,249.50","1,315.90","1,232.00","","0.50%"
"04/01/2001","1,249.50","1,160.30","1,269.30","1,092.00","","7.69%"
"03/01/2001","1,160.30","1,239.90","1,267.40","1,081.20","","-6.42%"
"02/01/2001","1,239.90","1,366.00","1,376.40","1,215.40","","-9.23%"
"01/01/2001","1,366.00","1,320.30","1,383.40","1,274.60","","3.46%"
"12/01/2000","1,320.30","1,315.00","1,389.00","1,254.10","","0.40%"
"11/01/2000","1,315.00","1,429.40","1,438.50","1,294.90","","-8.00%"
"10/01/2000","1,429.40","1,436.50","1,454.80","1,305.80","","-0.49%"
"09/01/2000","1,436.50","1,517.70","1,530.00","1,419.50","","-5.35%"
"08/01/2000","1,517.70","1,430.80","1,525.30","1,426.00","","6.07%"
"07/01/2000","1,430.80","1,454.60","1,517.20","1,414.20","","-1.64%"
"06/01/2000","1,454.60","1,420.60","1,489.00","1,420.60","","2.39%"
"05/01/2000","1,420.60","1,452.40","1,481.40","1,361.20","","-2.19%"
"04/01/2000","1,452.40","1,498.60","1,527.10","1,339.40","","-3.08%"
"03/01/2000","1,498.60","1,366.40","1,553.10","1,346.50","","9.68%"
"02/01/2000","1,366.40","1,394.50","1,444.40","1,325.00","","-2.02%"
"01/01/2000","1,394.50","1,469.20","1,478.00","1,350.00","","-5.08%"
"12/01/1999","1,469.20","1,388.90","1,473.10","1,387.50","","5.78%"
"11/01/1999","1,388.90","1,362.90","1,425.30","1,346.40","","1.91%"
"10/01/1999","1,362.90","1,282.70","1,373.20","1,233.70","","6.25%"
"09/01/1999","1,282.70","1,320.40","1,361.30","1,256.30","","-2.86%"
"08/01/1999","1,320.40","1,328.70","1,382.80","1,267.70","","-0.62%"
"07/01/1999","1,328.70","1,372.70","1,420.30","1,328.50","","-3.21%"
"06/01/1999","1,372.70","1,301.80","1,372.90","1,277.50","","5.45%"
"05/01/1999","1,301.80","1,335.20","1,376.00","1,277.30","","-2.50%"
"04/01/1999","1,335.20","1,286.40","1,371.60","1,282.60","","3.79%"
"03/01/1999","1,286.40","1,238.30","1,323.80","1,216.00","","3.88%"
"02/01/1999","1,238.30","1,279.60","1,283.80","1,211.90","","-3.23%"
"01/01/1999","1,279.60","1,229.20","1,280.40","1,205.50","","4.10%"
"12/01/1998","1,229.20","1,163.60","1,244.90","1,136.90","","5.64%"
"11/01/1998","1,163.60","1,098.70","1,193.00","1,098.70","","5.91%"
"10/01/1998","1,098.70","1,017.00","1,103.80","923.30","","8.03%"
"09/01/1998","1,017.00","957.30","1,066.10","940.00","","6.24%"
"08/01/1998","957.30","1,120.70","1,121.80","957.30","","-14.58%"
"07/01/1998","1,120.70","1,133.80","1,190.60","1,114.30","","-1.16%"
"06/01/1998","1,133.80","1,090.80","1,145.20","1,074.70","","3.94%"
"05/01/1998","1,090.80","1,111.80","1,130.50","1,074.40","","-1.89%"
"04/01/1998","1,111.80","1,101.80","1,133.00","1,076.70","","0.91%"
"03/01/1998","1,101.80","1,049.30","1,113.10","1,030.90","","5.00%"
"02/01/1998","1,049.30","980.30","1,051.70","980.30","","7.04%"
"01/01/1998","980.30","970.40","992.60","912.80","","1.02%"
"12/01/1997","970.40","955.40","986.20","924.90","","1.57%"
"11/01/1997","955.40","914.60","964.50","900.60","","4.46%"
"10/01/1997","914.60","950.90","983.10","855.30","","-3.45%"
"09/01/1997","947.30","899.50","960.60","899.50","","5.31%"
"08/01/1997","899.50","954.30","964.20","893.30","","-5.74%"
"07/01/1997","954.30","885.10","957.70","884.50","","7.82%"
"06/01/1997","885.10","848.30","902.10","838.80","","4.34%"
"05/01/1997","848.30","801.30","851.90","793.20","","5.87%"
"04/01/1997","801.30","757.10","804.10","733.50","","5.84%"
"03/01/1997","757.10","790.80","814.90","756.10","","-4.26%"
"02/01/1997","790.80","786.20","817.70","773.40","","0.59%"
"01/01/1997","786.20","740.70","794.70","729.50","","6.14%"
"12/01/1996","740.70","757.00","761.80","716.70","","-2.15%"
"11/01/1996","757.00","705.30","762.10","701.30","","7.33%"
"10/01/1996","705.30","687.30","714.10","684.40","","2.62%"
"09/01/1996","687.30","652.00","690.90","644.00","","5.41%"
"08/01/1996","652.00","640.00","670.70","639.50","","1.88%"
"07/01/1996","640.00","670.60","675.90","605.90","","-4.56%"
"06/01/1996","670.60","669.10","680.30","658.80","","0.22%"
"05/01/1996","669.10","654.20","681.10","630.10","","2.28%"
"04/01/1996","654.20","645.50","656.70","624.10","","1.35%"
"03/01/1996","645.50","640.40","657.00","627.60","","0.80%"
"02/01/1996","640.40","636.00","664.20","633.70","","0.69%"
"01/01/1996","636.00","615.90","636.20","597.30","","3.26%"
"12/01/1995","615.90","605.40","622.90","605.00","","1.73%"
"11/01/1995","605.40","581.50","608.70","581.00","","4.11%"
"10/01/1995","581.50","584.40","590.70","571.50","","-0.50%"
"09/01/1995","584.40","561.90","587.60","561.00","","4.00%"
"08/01/1995","561.90","562.10","565.60","553.00","","-0.04%"
"07/01/1995","562.10","544.80","565.40","542.50","","3.18%"
"06/01/1995","544.80","533.40","551.10","526.00","","2.14%"
"05/01/1995","533.40","514.80","533.40","513.00","","3.63%"
"04/01/1995","514.70","500.70","515.30","500.20","","2.80%"
"03/01/1995","500.70","487.40","508.10","479.70","","2.73%"
"02/01/1995","487.40","470.40","489.20","469.30","","3.61%"
"01/01/1995","470.40","459.20","471.40","457.20","","2.42%"
"12/01/1994","459.30","453.60","462.70","442.90","","1.23%"
"11/01/1994","453.70","472.30","472.30","444.20","","-3.96%"
"10/01/1994","472.40","462.70","474.70","449.30","","2.10%"
"09/01/1994","462.70","475.50","475.50","458.50","","-2.69%"
"08/01/1994","475.50","458.30","477.60","456.10","","3.75%"
"07/01/1994","458.30","444.30","459.30","443.60","","3.15%"
"06/01/1994","444.30","456.50","463.20","439.80","","-2.67%"
"05/01/1994","456.50","450.90","457.80","440.80","","1.24%"
"04/01/1994","450.90","445.70","452.80","435.90","","1.14%"
"03/01/1994","445.80","467.20","471.10","436.20","","-4.56%"
"02/01/1994","467.10","481.60","482.20","464.30","","-3.01%"
"01/01/1994","481.60","466.50","482.90","464.40","","3.26%"
"12/01/1993","466.40","461.90","471.30","461.40","","1.00%"
"11/01/1993","461.80","467.80","469.10","454.40","","-1.28%"
"10/01/1993","467.80","458.90","471.10","456.40","","1.94%"
"09/01/1993","458.90","463.60","463.80","449.60","","-1.01%"
"08/01/1993","463.60","448.10","463.60","446.90","","3.46%"
"07/01/1993","448.10","450.50","451.10","441.40","","-0.53%"
"06/01/1993","450.50","450.20","455.60","442.50","","0.07%"
"05/01/1993","450.20","440.20","454.60","436.90","","2.27%"
"04/01/1993","440.20","451.70","452.60","432.30","","-2.55%"
"03/01/1993","451.70","443.40","456.80","441.10","","1.87%"
"02/01/1993","443.40","438.80","450.00","428.20","","1.05%"
"01/01/1993","438.80","435.70","442.70","426.90","","0.71%"
"12/01/1992","435.70","431.40","442.60","428.60","","1.00%"
"11/01/1992","431.40","418.70","431.90","415.60","","3.03%"
"10/01/1992","418.70","417.80","421.20","396.80","","0.22%"
"09/01/1992","417.80","414.00","425.30","412.70","","0.92%"
"08/01/1992","414.00","424.20","425.10","408.30","","-2.40%"
"07/01/1992","424.20","408.20","424.80","407.20","","3.95%"
"06/01/1992","408.10","415.40","417.30","399.90","","-1.76%"
"05/01/1992","415.40","414.90","418.80","409.90","","0.12%"
"04/01/1992","414.90","403.70","416.30","392.40","","2.77%"
"03/01/1992","403.70","412.70","413.80","401.90","","-2.18%"
"02/01/1992","412.70","408.80","418.10","406.30","","0.95%"
"01/01/1992","408.80","417.00","421.20","408.60","","-1.99%"
"12/01/1991","417.10","375.10","418.30","371.40","","11.17%"
"11/01/1991","375.20","392.50","398.20","371.60","","-4.41%"
"10/01/1991","392.50","387.90","393.80","376.10","","1.19%"
"09/01/1991","387.90","395.40","397.60","382.80","","-1.90%"
"08/01/1991","395.40","387.80","396.80","374.10","","1.96%"
"07/01/1991","387.80","371.20","387.80","370.90","","4.47%"
"06/01/1991","371.20","389.80","389.80","368.00","","-4.77%"
"05/01/1991","389.80","375.40","389.90","365.80","","3.84%"
"04/01/1991","375.40","375.20","391.30","370.30","","0.05%"
"03/01/1991","375.20","367.10","379.70","363.70","","2.21%"
"02/01/1991","367.10","343.90","371.00","340.40","","6.75%"
"01/01/1991","343.90","330.20","343.90","309.40","","4.15%"
"12/01/1990","330.20","322.20","334.00","322.00","","2.48%"
"11/01/1990","322.20","304.00","323.00","301.60","","5.99%"
"10/01/1990","304.00","306.10","319.70","294.50","","-0.69%"
"09/01/1990","306.10","322.60","326.50","296.00","","-5.11%"
"08/01/1990","322.60","356.10","357.40","306.20","","-9.41%"
"07/01/1990","356.10","358.00","369.80","350.10","","-0.53%"
"06/01/1990","358.00","361.20","368.80","351.20","","-0.89%"
"05/01/1990","361.20","330.80","362.30","330.80","","9.19%"
"04/01/1990","330.80","339.90","347.30","327.80","","-2.68%"
"03/01/1990","339.90","331.90","344.50","331.10","","2.41%"
"02/01/1990","331.90","329.10","336.10","322.10","","0.85%"
"01/01/1990","329.10","353.40","360.60","319.80","","-6.88%"
"12/01/1989","353.40","346.00","354.10","339.60","","2.14%"
"11/01/1989","346.00","340.40","346.50","330.90","","1.65%"
"10/01/1989","340.40","349.10","360.40","327.10","","-2.49%"
"09/01/1989","349.10","351.40","354.10","341.40","","-0.65%"
"08/01/1989","351.40","346.10","352.70","339.00","","1.53%"
"07/01/1989","346.10","318.00","346.10","317.30","","8.84%"
"06/01/1989","318.00","320.50","329.20","314.40","","-0.78%"
"05/01/1989","320.50","309.60","323.10","304.10","","3.52%"
"04/01/1989","309.60","294.90","310.40","294.40","","4.98%"
"03/01/1989","294.90","288.90","300.00","286.50","","2.08%"
"02/01/1989","288.90","297.50","300.60","286.30","","-2.89%"
"01/01/1989","297.50","277.70","297.50","273.80","","7.13%"
"12/01/1988","277.70","273.70","280.40","270.50","","1.46%"
"11/01/1988","273.70","279.00","280.40","262.90","","-1.90%"
"10/01/1988","279.00","271.90","283.90","268.80","","2.61%"
"09/01/1988","271.90","261.50","274.90","257.00","","3.98%"
"08/01/1988","261.50","272.00","274.20","256.50","","-3.86%"
"07/01/1988","272.00","273.50","276.40","262.50","","-0.55%"
"06/01/1988","273.50","262.20","276.90","262.10","","4.31%"
"05/01/1988","262.20","261.30","263.70","248.80","","0.34%"
"04/01/1988","261.30","258.90","272.10","254.70","","0.93%"
"03/01/1988","258.90","267.80","272.60","256.10","","-3.32%"
"02/01/1988","267.80","257.10","267.80","247.80","","4.16%"
"01/01/1988","257.10","247.10","261.80","240.20","","4.05%"
"12/01/1987","247.10","230.30","253.30","221.20","","7.29%"
"11/01/1987","230.30","251.80","257.20","225.80","","-8.54%"
"10/01/1987","251.80","321.80","328.90","216.50","","-21.75%"
"09/01/1987","321.80","329.80","332.20","308.60","","-2.43%"
"08/01/1987","329.80","318.70","337.90","314.50","","3.48%"
"07/01/1987","318.70","304.00","318.90","302.50","","4.84%"
"06/01/1987","304.00","290.10","310.30","286.90","","4.79%"
"05/01/1987","290.10","288.40","298.70","277.00","","0.59%"
"04/01/1987","288.40","291.70","303.60","275.70","","-1.13%"
"03/01/1987","291.70","284.20","302.70","282.30","","2.64%"
"02/01/1987","284.20","274.10","287.60","273.20","","3.68%"
"01/01/1987","274.10","242.20","281.00","242.20","","13.17%"
"12/01/1986","242.20","249.20","254.90","241.30","","-2.81%"
"11/01/1986","249.20","244.00","249.20","235.50","","2.13%"
"10/01/1986","244.00","231.30","244.50","231.30","","5.49%"
"09/01/1986","231.30","252.90","254.10","228.10","","-8.54%"
"08/01/1986","252.90","236.10","254.20","231.90","","7.12%"
"07/01/1986","236.10","250.80","253.20","233.10","","-5.86%"
"06/01/1986","250.80","247.30","251.80","238.20","","1.42%"
"05/01/1986","247.30","235.50","249.20","232.30","","5.01%"
"04/01/1986","235.50","238.90","245.50","226.30","","-1.42%"
"03/01/1986","238.90","226.90","240.10","222.20","","5.29%"
"02/01/1986","226.90","211.80","227.90","210.80","","7.13%"
"01/01/1986","211.80","211.30","214.60","202.60","","0.24%"
"12/01/1985","211.30","202.20","213.10","200.10","","4.50%"
"11/01/1985","202.20","189.80","203.40","189.40","","6.53%"
"10/01/1985","189.80","182.10","190.20","181.20","","4.23%"
"09/01/1985","182.10","188.60","188.80","179.40","","-3.45%"
"08/01/1985","188.60","190.90","192.20","186.10","","-1.20%"
"07/01/1985","190.90","191.80","196.10","189.30","","-0.47%"
"06/01/1985","191.80","189.60","191.80","185.00","","1.16%"
"05/01/1985","189.60","179.80","190.00","178.30","","5.45%"
"04/01/1985","179.80","180.70","183.60","177.90","","-0.50%"
"03/01/1985","180.70","181.20","183.90","176.50","","-0.28%"
"02/01/1985","181.20","179.60","183.90","177.80","","0.89%"
"01/01/1985","179.60","167.20","180.30","163.40","","7.42%"
"12/01/1984","167.20","163.60","169.00","161.50","","2.20%"
"11/01/1984","163.60","166.10","170.40","163.00","","-1.51%"
"10/01/1984","166.10","166.10","169.60","160.00","","0.00%"
"09/01/1984","166.10","166.70","169.70","163.10","","-0.36%"
"08/01/1984","166.70","150.70","168.80","150.70","","10.62%"
"07/01/1984","150.70","153.20","153.90","147.30","","-1.63%"
"06/01/1984","153.20","150.60","155.60","148.50","","1.73%"
"05/01/1984","150.60","160.10","162.10","148.70","","-5.93%"
"04/01/1984","160.10","159.20","160.70","154.10","","0.57%"
"03/01/1984","159.20","157.10","160.50","153.80","","1.34%"
"02/01/1984","157.10","163.40","164.00","152.10","","-3.86%"
"01/01/1984","163.40","164.90","169.50","162.00","","-0.91%"
"12/01/1983","164.90","166.40","167.80","160.60","","-0.90%"
"11/01/1983","166.40","163.60","169.10","160.60","","1.71%"
"10/01/1983","163.60","166.10","173.10","162.00","","-1.51%"
"09/01/1983","166.10","164.40","171.60","162.80","","1.03%"
"08/01/1983","164.40","162.60","166.70","157.60","","1.11%"
"07/01/1983","162.60","168.10","171.70","160.60","","-3.27%"
"06/01/1983","168.10","162.40","172.80","160.00","","3.51%"
"05/01/1983","162.40","164.40","167.70","159.70","","-1.22%"
"04/01/1983","164.40","153.00","165.40","149.50","","7.45%"
"03/01/1983","153.00","148.10","156.40","144.80","","3.31%"
"02/01/1983","148.10","145.30","151.80","141.00","","1.93%"
"01/01/1983","145.30","140.60","149.10","137.30","","3.34%"
"12/01/1982","140.60","138.50","144.70","133.80","","1.52%"
"11/01/1982","138.50","133.70","145.30","132.10","","3.59%"
"10/01/1982","133.70","120.40","141.40","119.10","","11.05%"
"09/01/1982","120.40","120.00","127.30","117.20","","0.75%"
"08/01/1982","119.50","108.20","121.20","101.40","","11.58%"
"07/01/1982","107.10","109.50","113.10","105.10","","-2.28%"
"06/01/1982","109.60","112.00","113.10","106.30","","-2.06%"
"05/01/1982","111.90","116.00","120.60","111.20","","-3.87%"
"04/01/1982","116.40","112.20","120.10","111.50","","3.93%"
"03/01/1982","112.00","113.40","114.80","106.20","","-0.97%"
"02/01/1982","113.10","118.70","119.80","110.00","","-6.06%"
"01/01/1982","120.40","122.60","123.70","113.60","","-1.79%"
"12/01/1981","122.60","125.70","127.30","121.00","","-2.93%"
"11/01/1981","126.30","123.50","127.00","119.10","","3.61%"
"10/01/1981","121.90","115.80","123.30","115.00","","4.91%"
"09/01/1981","116.20","122.80","124.60","110.20","","-5.37%"
"08/01/1981","122.80","130.70","135.20","122.30","","-6.19%"
"07/01/1981","130.90","130.70","131.80","126.00","","-0.23%"
"06/01/1981","131.20","133.30","135.70","128.80","","-1.06%"
"05/01/1981","132.60","133.10","134.90","128.80","","-0.15%"
"04/01/1981","132.80","136.40","137.70","131.60","","-2.35%"
"03/01/1981","136.00","131.10","138.40","128.60","","3.58%"
"02/01/1981","131.30","128.90","132.00","124.70","","1.31%"
"01/01/1981","129.60","135.70","140.30","128.60","","-4.57%"
"12/01/1980","135.80","139.60","140.70","125.30","","-3.35%"
"11/01/1980","140.50","128.00","142.00","127.20","","10.20%"
"10/01/1980","127.50","125.70","135.90","124.30","","1.59%"
"09/01/1980","125.50","122.40","132.20","121.80","","2.53%"
"08/01/1980","122.40","121.40","127.80","119.40","","0.58%"
"07/01/1980","121.70","114.10","123.90","113.50","","6.57%"
"06/01/1980","114.20","110.90","118.00","109.80","","2.70%"
"05/01/1980","111.20","107.90","112.70","103.50","","4.61%"
"04/01/1980","106.30","106.30","106.80","98.90","","4.11%"
"03/01/1980","102.10","102.10","114.30","94.20","","-10.20%"
"02/01/1980","113.70","115.40","120.20","111.30","","-0.44%"
"01/01/1980","114.20","107.90","117.20","103.30","","5.84%"
"12/01/1979","107.90","107.90","110.30","105.10","","1.60%"
"11/01/1979","106.20","106.20","107.90","99.40","","4.32%"
"10/01/1979","101.80","101.80","112.20","99.10","","-6.86%"
"09/01/1979","109.30","109.10","111.60","105.40","","0.00%"
"08/01/1979","109.30","103.80","109.80","103.10","","5.30%"
"07/01/1979","103.80","102.60","105.20","100.30","","0.87%"
"06/01/1979","102.90","99.10","103.70","98.60","","3.83%"
"05/01/1979","99.10","101.80","102.60","97.50","","-2.65%"
"04/01/1979","101.80","101.10","103.90","100.10","","0.20%"
"03/01/1979","101.60","96.40","103.30","96.00","","5.50%"
"02/01/1979","96.30","99.50","100.50","95.40","","-3.60%"
"01/01/1979","99.90","95.80","102.60","95.20","","3.95%"
"12/01/1978","96.10","95.60","98.60","92.60","","1.48%"
"11/01/1978","94.70","94.60","97.40","91.80","","1.61%"
"10/01/1978","93.20","102.30","106.20","91.70","","-9.07%"
"09/01/1978","102.50","103.20","108.10","100.70","","-0.77%"
"08/01/1978","103.30","100.90","106.30","99.90","","2.58%"
"07/01/1978","100.70","95.20","101.20","93.60","","5.45%"
"06/01/1978","95.50","97.30","101.80","94.00","","-1.75%"
"05/01/1978","97.20","96.90","100.30","94.60","","0.41%"
"04/01/1978","96.80","88.80","97.90","88.10","","8.52%"
"03/01/1978","89.20","86.70","91.30","86.40","","2.53%"
"02/01/1978","87.00","89.30","91.30","86.60","","-2.47%"
"01/01/1978","89.20","94.70","95.20","88.00","","-6.20%"
"12/01/1977","95.10","95.10","95.70","91.80","","0.32%"
"11/01/1977","94.80","94.80","97.10","90.00","","2.71%"
"10/01/1977","92.30","92.30","97.30","90.20","","-4.35%"
"09/01/1977","96.50","96.50","98.40","94.40","","-0.31%"
"08/01/1977","96.80","96.80","99.80","95.00","","-2.02%"
"07/01/1977","98.80","98.80","102.60","97.70","","-1.69%"
"06/01/1977","100.50","100.50","101.70","95.90","","4.58%"
"05/01/1977","96.10","96.10","100.90","95.50","","-2.34%"
"04/01/1977","98.40","98.40","102.10","96.50","","0.00%"
"03/01/1977","98.40","98.40","102.70","97.80","","-1.40%"
"02/01/1977","99.80","99.80","103.30","98.80","","-2.16%"
"01/01/1977","102.00","102.00","108.00","100.90","","-5.12%"
"12/01/1976","107.50","107.50","107.80","101.60","","5.29%"
"11/01/1976","102.10","102.10","103.80","98.20","","-0.78%"
"10/01/1976","102.90","102.90","105.80","99.20","","-2.19%"
"09/01/1976","105.20","105.20","108.70","102.60","","2.24%"
"08/01/1976","102.90","102.90","105.40","100.40","","-0.48%"
"07/01/1976","103.40","103.40","106.80","102.30","","-0.86%"
"06/01/1976","104.30","104.30","105.10","98.00","","4.09%"
"05/01/1976","100.20","100.20","104.00","98.30","","-1.38%"
"04/01/1976","101.60","101.60","104.60","99.60","","-1.17%"
"03/01/1976","102.80","102.80","104.40","98.20","","3.11%"
"02/01/1976","99.70","99.70","103.10","98.50","","-1.19%"
"01/01/1976","100.90","100.90","102.00","89.80","","11.86%"
"12/01/1975","90.20","90.20","91.90","86.20","","-1.10%"
"11/01/1975","91.20","91.20","92.30","87.60","","2.47%"
"10/01/1975","89.00","89.00","91.80","82.60","","6.08%"
"09/01/1975","83.90","83.90","87.40","81.60","","-3.45%"
"08/01/1975","86.90","86.90","89.00","82.20","","-2.14%"
"07/01/1975","88.80","88.80","96.60","87.70","","-6.72%"
"06/01/1975","95.20","95.20","95.80","89.30","","4.39%"
"05/01/1975","91.20","91.20","93.50","86.90","","4.47%"
"04/01/1975","87.30","87.30","88.80","79.70","","4.68%"
"03/01/1975","83.40","83.40","87.10","80.10","","2.21%"
"02/01/1975","81.60","81.60","83.60","76.00","","5.97%"
"01/01/1975","77.00","77.00","78.70","68.70","","12.24%"
"12/01/1974","68.60","68.60","68.60","68.60","","-2.00%"
"11/01/1974","70.00","70.00","70.00","70.00","","-5.28%"
"10/01/1974","73.90","73.90","73.90","73.90","","16.38%"
"09/01/1974","63.50","63.50","63.50","63.50","","-12.05%"
"08/01/1974","72.20","72.20","72.20","72.20","","-8.95%"
"07/01/1974","79.30","79.30","79.30","79.30","","-7.79%"
"06/01/1974","86.00","86.00","86.00","86.00","","-1.49%"
"05/01/1974","87.30","87.30","87.30","87.30","","-3.32%"
"04/01/1974","90.30","90.30","90.30","90.30","","-3.94%"
"03/01/1974","94.00","94.00","94.00","94.00","","-2.29%"
"02/01/1974","96.20","96.20","96.20","96.20","","-0.41%"
"01/01/1974","96.60","96.60","96.60","96.60","","-0.92%"
"12/01/1973","97.50","97.50","97.50","97.50","","1.56%"
"11/01/1973","96.00","96.00","96.00","96.00","","-11.36%"
"10/01/1973","108.30","108.30","108.30","108.30","","-0.09%"
"09/01/1973","108.40","108.40","108.40","108.40","","4.03%"
"08/01/1973","104.20","104.20","104.20","104.20","","-3.70%"
"07/01/1973","108.20","108.20","108.20","108.20","","3.74%"
"06/01/1973","104.30","104.30","104.30","104.30","","-0.67%"
"05/01/1973","105.00","105.00","105.00","105.00","","-1.87%"
"04/01/1973","107.00","107.00","107.00","107.00","","-4.04%"
"03/01/1973","111.50","111.50","111.50","111.50","","-0.18%"
"02/01/1973","111.70","111.70","111.70","111.70","","-3.71%"
"01/01/1973","116.00","116.00","116.00","116.00","","-1.69%"
"12/01/1972","118.00","118.00","118.00","118.00","","1.11%"
"11/01/1972","116.70","116.70","116.70","116.70","","4.57%"
"10/01/1972","111.60","111.60","111.60","111.60","","1.00%"
"09/01/1972","110.50","110.50","110.50","110.50","","-0.54%"
"08/01/1972","111.10","111.10","111.10","111.10","","3.45%"
"07/01/1972","107.40","107.40","107.40","107.40","","0.28%"
"06/01/1972","107.10","107.10","107.10","107.10","","-2.19%"
"05/01/1972","109.50","109.50","109.50","109.50","","1.67%"
"04/01/1972","107.70","107.70","107.70","107.70","","0.47%"
"03/01/1972","107.20","107.20","107.20","107.20","","0.56%"
"02/01/1972","106.60","106.60","106.60","106.60","","2.60%"
"01/01/1972","103.90","103.90","103.90","103.90","","1.76%"
"12/01/1971","102.10","102.10","102.10","102.10","","8.62%"
"11/01/1971","94.00","94.00","94.00","94.00","","-0.21%"
"10/01/1971","94.20","94.20","94.20","94.20","","-4.17%"
"09/01/1971","98.30","98.30","98.30","98.30","","-0.71%"
"08/01/1971","99.00","99.00","99.00","99.00","","3.56%"
"07/01/1971","95.60","95.60","95.60","95.60","","-4.11%"
"06/01/1971","99.70","99.70","99.70","99.70","","0.10%"
"05/01/1971","99.60","99.60","99.60","99.60","","-4.23%"
"04/01/1971","104.00","104.00","104.00","104.00","","3.69%"
"03/01/1971","100.30","100.30","100.30","100.30","","3.62%"
"02/01/1971","96.80","96.80","96.80","96.80","","0.94%"
"01/01/1971","95.90","95.90","95.90","95.90","","4.01%"
"12/01/1970","92.20","92.20","92.20","92.20","","5.73%"
"11/01/1970","87.20","87.20","87.20","87.20","","4.81%"
"10/01/1970","83.20","83.20","83.20","83.20","","-1.19%"
"09/01/1970","84.20","84.20","84.20","84.20","","3.31%"
"08/01/1970","81.50","81.50","81.50","81.50","","4.49%"
"07/01/1970","78.00","78.00","78.00","78.00","","7.29%"
"06/01/1970","72.70","72.70","72.70","72.70","","-4.97%"
"05/01/1970","76.50","76.50","76.50","76.50","","-6.13%"
"04/01/1970","81.50","81.50","81.50","81.50","","-9.04%"
"03/01/1970","89.60","89.60","89.60","89.60","","0.11%"
"02/01/1970","89.50","89.50","89.50","89.50","","5.29%"